id,review,sentiment,rating_estimate,emotion,aspects,key_issue,urgency,suggested_reply
1,Absolutely love this phone. Battery lasts two days and the camera is superb.,positive,5,delighted,battery life (positive); camera (positive),None,low,Thank you for the wonderful feedback! We're thrilled you're enjoying the battery and camera.
2,Delivery was late by a week and the box was damaged. Product itself works fine though.,neutral,3,dissatisfied,delivery (negative); packaging (negative); product performance (positive),Delivery was delayed by a week and the packaging arrived damaged.,low,"We are very sorry for the delivery delay and the damaged packaging, but we are glad to hear the product is working well. We will share your feedback with our shipping partner."
3,The charger got extremely hot and I smelled something burning. Very dangerous! I want a refund.,negative,1,angry,charger safety (negative); refund policy (neutral),"The charger overheats and emits a burning smell, posing a safety hazard.",high,"We are very sorry for this dangerous experience. Please stop using the charger immediately, and we will contact you right away to process your refund."
4,"It's okay. Does the job, nothing special. Price is a bit high for what you get.",neutral,3,calm,performance (neutral); price (negative),The product is considered overpriced for the value it provides.,low,Thank you for your feedback! We appreciate your honesty and will take your comments about pricing into consideration.
5,Customer support was rude and never resolved my issue. I'm switching to another brand.,negative,1,frustrated,customer support (negative),"Customer support was rude and failed to resolve the issue, leading the customer to leave for another brand.",high,"We sincerely apologize for your experience with our support team. We would love the opportunity to make this right, so please reach out to us directly."
6,Great sound quality and comfortable to wear for hours. Bluetooth connects instantly.,positive,5,delighted,sound quality (positive); comfort (positive); bluetooth connectivity (positive),None,low,Thank you for the fantastic review! We are glad you are enjoying the sound quality and comfort.
7,"App keeps crashing after the latest update. Please fix this, it's unusable right now.",negative,1,frustrated,app stability (negative); latest update (negative),"App keeps crashing after the latest update, rendering it unusable.",medium,We are very sorry for the inconvenience and are working on a fix for the latest update. Our team will look into this right away to get the app running smoothly for you.
8,Packaging was beautiful and the setup took two minutes. Highly recommend to friends!,positive,5,delighted,packaging (positive); setup (positive),None,low,Thank you for the wonderful recommendation! We're so glad you enjoyed the packaging and found the setup easy.
9,Screen scratched within a week even with a case. Disappointed with the build quality.,negative,2,disappointed,screen durability (negative); build quality (negative),Screen scratched easily within a week of use despite having a case.,medium,We are very sorry to hear about the screen scratching so quickly. Please reach out to our support team so we can look into this for you.
10,"Decent value for money. Not the fastest, but reliable for daily use.",positive,4,calm,value for money (positive); speed (neutral); reliability (positive),None,low,Thank you for your feedback! We're glad to hear that you find it reliable for your daily needs.
