id,review
1,"Absolutely love this phone. Battery lasts two days and the camera is superb."
2,"Delivery was late by a week and the box was damaged. Product itself works fine though."
3,"The charger got extremely hot and I smelled something burning. Very dangerous! I want a refund."
4,"It's okay. Does the job, nothing special. Price is a bit high for what you get."
5,"Customer support was rude and never resolved my issue. I'm switching to another brand."
6,"Great sound quality and comfortable to wear for hours. Bluetooth connects instantly."
7,"App keeps crashing after the latest update. Please fix this, it's unusable right now."
8,"Packaging was beautiful and the setup took two minutes. Highly recommend to friends!"
9,"Screen scratched within a week even with a case. Disappointed with the build quality."
10,"Decent value for money. Not the fastest, but reliable for daily use."
